Quarter,Loan Amount,Capacity,GBP Yield,Mortgage Rate,Growth Factor,UK Property Transactions
20Q4,1474200,4500000,-0.065,7.5,1,405860
21Q1,5043750,4500000,0.041666667,7.05,,422780
21Q2,7912850,4500000,0.07,7.6,,463170
21Q3,0,4500000,0.211,7.6,,383670
21Q4,6223500,4500000,0.623333333,6.94,,330590
22Q1,21259500,4500000,1.152,7.86,,317660
22Q2,2740500,4500000,1.686666667,7.8,,333600
22Q3,945000,4500000,3.002333333,7.9,,366770
22Q4,,,,,,
23Q1,,,,,,
23Q2,,,,,,
23Q3,,,,,,
23Q4,,,,,,
