Quarter,Loan Amount,Capacity,GBP Yield,Growth Factor
20Q4,1474200,4500000,-0.065,1
21Q1,5043750,4500000,0.041666667,
21Q2,4323764,4500000,0.07,
21Q3,3589085,4500000,0.211,
21Q4,6223500,4500000,0.623333333,
22Q1,21259500,4500000,1.152,
22Q2,2740500,4500000,1.686666667,
22Q3,945000,4500000,3.002333333,
22Q4,,,,
23Q1,,,,
23Q2,,,,
23Q3,,,,
23Q4,,,,
